	past simple	imprf. comp.	gerund	compound gerund	jussive/imperative	n. past simple	n. imperfective	n. imperative/jussive
አሰበ - think, intend	ማሰብ							
	አሰብኩ	አስባለሁ	አስቤ	አስቤያለሁ	ላሰብ	አላሰብኩም	አላስብም	አላሰብ
	አሰብክ	ታስባለህ	አስበህ	አስበሃል	አሰብ	አላሰብክም	አታስብም	አታሰብ
	አሰብሽ	ታስቢያለሽ	አስበሽ	አስበሻል	አሰቢ	አላሰብሽም	አታስቢም	አታሰቢ
	አሰበ	ያስባል	አስቦ	አስቧል	ያሰብ	አላሰበም	አያስብም	አያሰብ
	አሰበች	ታስባለች	አስባ	አስባለች	ታሰብ	አላሰበችም	አታስብም	አታሰብ
	አሰብን	እናስባለን	አስበን	አስበናል	እናሰብ	አላሰብንም	አናስብም	አናሰብ
	አሰባችሁ	ታስባላችሁ	አስባችሁ	አስባችኋል	አሰቡ	አላሰባችሁም	አታስቡም	አታሰቡ
	አሰቡ	ያስባሉ	አስበው	አስበዋል	ያሰቡ	አላሰቡም	አያስቡም	አያሰቡ
infinitive transliteration	massäb							
	assäbku	assəballähu	assəbbe	assəbbeyallähu	lassəb	alassäbkumm	alassəbəmm	alassəb
	assäbk	tassəballäh	assəbäh	assəbähall	assəb	alassäbkəmm	atassəbəmm	attassəb
	assäbš	tassəbiyalläš	assəbäš	assəbäšall	assəbi	alassäbšəmm	atassəbimm	attassəbi
	assäbä	yassəball	assəbo	assəbwall	yassəb	alassäbämm	ayassəbəmm	ayassəb
	assäbäčč	tassəballäčč	assəba	assəballäčč	tassəb	alassäbäččəmm	atassəbəmm	attassəb
	assäbn	ənnassəballän	assəbän	assəbänall	ənnassəb	alassäbnəmm	anassəbəmm	annassəb
	assäbaččəhu	tassəballaččəhu	assəbaččəhu	assəbaččhwall	assəb	alassäbaččəhumm	atassəbumm	attassəbu
	assäbu	yassəballu	assəbäw	assəbäwall	yassəb	alassäbumm	ayassəbumm	ayassəbu
አነፀ / አነጠ - construct	ማነፅ							
	አነፅኩ	አንፃለሁ	አንጬ	አንጬያለሁ	ላነፅ	አላነፅኩም	አላንፅም	አላነፅ
	አነፅክ	ታንፃለህ	አንፀህ	አንፀሃል	አነፅ	አላነፅክም	አታንፅም	አታነፅ
	አነፅሽ	ታንጪያለሽ	አንፀሽ	አንፀሻል	አነጭ	አላነፅሽም	አታንጪም	አታነጭ
	አነፀ	ያንፃል	አንፆ	አንጿል	ያነፅ	አላነፀም	አያንፅም	አያነፅ
	አነፀች	ታንፃለች	አንፃ	አንፃለች	ታነፅ	አላነፀችም	አታንፅም	አታነፅ
	አነፅን	እናንፃለን	አንፀን	አንፀናል	እናነፅ	አላነፅንም	አናንፅም	አናነፅ
	አነፃችሁ	ታንፃላችሁ	አንፃችሁ	አንፃችኋል	አነፁ	አላነፃችሁም	አታንፁም	አታነፁ
	አነፁ	ያንፃሉ	አንፀው	አንፀዋል	ያነፁ	አላነፁም	አያንፁም	አያነፁ
	mannäṣ							
	annäṣku	annəṣallähu	annəč̣č̣e	annəč̣č̣eyallähu	lannəṣ	alannäṣkumm	alannəṣəmm	alannəṣ
	annäṣk	tannəṣalläh	annəṣäh	annəṣähall	annəṣ	alannäṣkəmm	atannəṣəmm	attannəṣ
	annäṣš	tannəč̣iyalläš	annəṣäš	annəṣäšall	annəč̣i	alannäṣšəmm	atannəč̣imm	attannəč̣i
	annäṣä	yannəṣall	annəṣo	annəṣwall	yannəṣ	alannäṣämm	ayannəṣəmm	ayannəṣ
	annäṣäčč	tannəṣalläčč	annəṣa	annəṣalläčč	tannəṣ	alannäṣäččəmm	atannəṣəmm	attannəṣ
	annäṣn	ənnannəṣallän	annəṣän	annəṣänall	ənnannəṣ	alannäṣnəmm	anannəṣəmm	annannəṣ
	annäṣaččəhu	tannəṣallaččəhu	annəṣaččəhu	annəṣaččhwall	annəṣ	alannäṣaččəhumm	atannəṣumm	attannəṣu
	annäṣu	yannəṣallu	annəṣäw	annəṣäwall	yannəṣ	alannäṣumm	ayannəṣumm	ayannəṣu
አለመ - dream	ማለም							
	አለምኩ	አልማለሁ	አልሜ	አልሜያለሁ	ላለም	አላለምኩም	አላልምም	አላለም
	አለምክ	ታልማለህ	አልመህ	አልመሃል	አለም	አላለምክም	አታልምም	አታለም
	አለምሽ	ታልሚያለሽ	አልመሽ	አልመሻል	አለሚ	አላለምሽም	አታልሚም	አታለሚ
	አለመ	ያልማል	አልሞ	አልሟል	ያለም	አላለመም	አያልምም	አያለም
	አለመች	ታልማለች	አልማ	አልማለች	ታለም	አላለመችም	አታልምም	አታለም
	አለምን	እናልማለን	አልመን	አልመናል	እናለም	አላለምንም	አናልምም	አናለም
	አለማችሁ	ታልማላችሁ	አልማችሁ	አልማችኋል	አለሙ	አላለማችሁም	አታልሙም	አታለሙ
	አለሙ	ያልማሉ	አልመው	አልመዋል	ያለሙ	አላለሙም	አያልሙም	አያለሙ
	malläm							
	allämku	alləmallähu	alləmme	alləmmeyallähu	lalləm	alallämkumm	alalləməmm	alalləm
	allämk	talləmalläh	alləmäh	alləmähall	alləm	alallämkəmm	atalləməmm	attalləm
	allämš	talləmiyalläš	alləmäš	alləmäšall	alləmi	alallämšəmm	atalləmimm	attalləmi
	allämä	yalləmall	alləmo	alləmwall	yalləm	alallämämm	ayalləməmm	ayalləm
	allämäčč	talləmalläčč	alləma	alləmalläčč	talləm	alallämäččəmm	atalləməmm	attalləm
	allämn	ənnalləmallän	alləmän	alləmänall	ənnalləm	alallämnəmm	analləməmm	annalləm
	allämaččəhu	talləmallaččəhu	alləmaččəhu	alləmaččhwall	alləm	alallämaččəhumm	atalləmumm	attalləmu
	allämu	yalləmallu	alləmäw	alləmäwall	yalləm	alallämumm	ayalləmumm	ayalləmu
አመፀ - rebel	ማመፅ							
	አመፅኩ	አምፃለሁ	አምጬ	አምጬያለሁ	ላመፅ	አላመፅኩም	አላምፅም	አላመፅ
	አመፅክ	ታምፃለህ	አምፀህ	አምፀሃል	አመፅ	አላመፅክም	አታምፅም	አታመፅ
	አመፅሽ	ታምጪያለሽ	አምፀሽ	አምፀሻል	አመጭ	አላመፅሽም	አታምጪም	አታመጭ
	አመፀ	ያምፃል	አምፆ	አምጿል	ያመፅ	አላመፀም	አያምፅም	አያመፅ
	አመፀች	ታምፃለች	አምፃ	አምፃለች	ታመፅ	አላመፀችም	አታምፅም	አታመፅ
	አመፅን	እናምፃለን	አምፀን	አምፀናል	እናመፅ	አላመፅንም	አናምፅም	አናመፅ
	አመፃችሁ	ታምፃላችሁ	አምፃችሁ	አምፃችኋል	አመፁ	አላመፃችሁም	አታምፁም	አታመፁ
	አመፁ	ያምፃሉ	አምፀው	አምፀዋል	ያመፁ	አላመፁም	አያምፁም	አያመፁ
	mammäṣ							
	ammäṣku	amməṣallähu	amməč̣č̣e	amməč̣č̣eyallähu	lamməṣ	alammäṣkumm	alamməṣəmm	alamməṣ
	ammäṣk	tamməṣalläh	amməṣäh	amməṣähall	amməṣ	alammäṣkəmm	atamməṣəmm	attamməṣ
	ammäṣš	tamməč̣iyalläš	amməṣäš	amməṣäšall	amməč̣i	alammäṣšəmm	atamməč̣imm	attamməč̣i
	ammäṣä	yamməṣall	amməṣo	amməṣwall	yamməṣ	alammäṣämm	ayamməṣəmm	ayamməṣ
	ammäṣäčč	tamməṣalläčč	amməṣa	amməṣalläčč	tamməṣ	alammäṣäččəmm	atamməṣəmm	attamməṣ
	ammäṣn	ənnamməṣallän	amməṣän	amməṣänall	ənnamməṣ	alammäṣnəmm	anamməṣəmm	annamməṣ
	ammäṣaččəhu	tamməṣallaččəhu	amməṣaččəhu	amməṣaččhwall	amməṣ	alammäṣaččəhumm	atamməṣumm	attamməṣu
	ammäṣu	yamməṣallu	amməṣäw	amməṣäwall	yamməṣ	alammäṣumm	ayamməṣumm	ayamməṣu
አሸገ - seal, glue	ማሸግ							
	አሸግኩ	አሽጋለሁ	አሽጌ	አሽጌያለሁ	ላሸግ	አላሸግኩም	አላሽግም	አላሸግ
	አሸግክ	ታሽጋለህ	አሽገህ	አሽገሃል	አሸግ	አላሸግክም	አታሽግም	አታሸግ
	አሸግሽ	ታሽጊያለሽ	አሽገሽ	አሽገሻል	አሸጊ	አላሸግሽም	አታሽጊም	አታሸጊ
	አሸገ	ያሽጋል	አሽጎ	አሽጓል	ያሸግ	አላሸገም	አያሽግም	አያሸግ
	አሸገች	ታሽጋለች	አሽጋ	አሽጋለች	ታሸግ	አላሸገችም	አታሽግም	አታሸግ
	አሸግን	እናሽጋለን	አሽገን	አሽገናል	እናሸግ	አላሸግንም	አናሽግም	አናሸግ
	አሸጋችሁ	ታሽጋላችሁ	አሽጋችሁ	አሽጋችኋል	አሸጉ	አላሸጋችሁም	አታሽጉም	አታሸጉ
	አሸጉ	ያሽጋሉ	አሽገው	አሽገዋል	ያሸጉ	አላሸጉም	አያሽጉም	አያሸጉ
	maššäg							
	aššägku	aššəgallähu	aššəgge	aššəggeyallähu	laššəg	alaššägkumm	alaššəgəmm	alaššəg
	aššägk	taššəgalläh	aššəgäh	aššəgähall	aššəg	alaššägkəmm	ataššəgəmm	attaššəg
	aššägš	taššəgiyalläš	aššəgäš	aššəgäšall	aššəgi	alaššägšəmm	ataššəgimm	attaššəgi
	aššägä	yaššəgall	aššəgo	aššəgwall	yaššəg	alaššägämm	ayaššəgəmm	ayaššəg
	aššägäčč	taššəgalläčč	aššəga	aššəgalläčč	taššəg	alaššägäččəmm	ataššəgəmm	attaššəg
	aššägn	ənnaššəgallän	aššəgän	aššəgänall	ənnaššəg	alaššägnəmm	anaššəgəmm	annaššəg
	aššägaččəhu	taššəgallaččəhu	aššəgaččəhu	aššəgaččhwall	aššəg	alaššägaččəhumm	ataššəgumm	attaššəgu
	aššägu	yaššəgallu	aššəgäw	aššəgäwall	yaššəg	alaššägumm	ayaššəgumm	ayaššəgu
								
አቀደ - plan, design	ማቀድ							
	አቀድኩ	አቅዳለሁ	አቅጄ	አቅጄያለሁ	ላቀድ	አላቀድኩም	አላቅድም	አላቀድ
	አቀድክ	ታቅዳለህ	አቅደህ	አቅደሃል	አቀድ	አላቀድክም	አታቅድም	አታቀድ
	አቀድሽ	ታቅጂያለሽ	አቅደሽ	አቅደሻል	አቀጅ	አላቀድሽም	አታቅጂም	አታቀጅ
	አቀደ	ያቅዳል	አቅዶ	አቅዷል	ያቀድ	አላቀደም	አያቅድም	አያቀድ
	አቀደች	ታቅዳለች	አቅዳ	አቅዳለች	ታቀድ	አላቀደችም	አታቅድም	አታቀድ
	አቀድን	እናቅዳለን	አቅደን	አቅደናል	እናቀድ	አላቀድንም	አናቅድም	አናቀድ
	አቀዳችሁ	ታቅዳላችሁ	አቅዳችሁ	አቅዳችኋል	አቀዱ	አላቀዳችሁም	አታቅዱም	አታቀዱ
	አቀዱ	ያቅዳሉ	አቅደው	አቅደዋል	ያቀዱ	አላቀዱም	አያቅዱም	አያቀዱ
	maqqäd							
	aqqädku	aqqədallähu	aqqədde	aqqəddeyallähu	laqqəd	alaqqädkumm	alaqqədəmm	alaqqəd
	aqqädk	taqqədalläh	aqqədäh	aqqədähall	aqqəd	alaqqädkəmm	ataqqədəmm	attaqqəd
	aqqädš	taqqədiyalläš	aqqədäš	aqqədäšall	aqqədi	alaqqädšəmm	ataqqədimm	attaqqədi
	aqqädä	yaqqədall	aqqədo	aqqədwall	yaqqəd	alaqqädämm	ayaqqədəmm	ayaqqəd
	aqqädäčč	taqqədalläčč	aqqəda	aqqədalläčč	taqqəd	alaqqädäččəmm	ataqqədəmm	attaqqəd
	aqqädn	ənnaqqədallän	aqqədän	aqqədänall	ənnaqqəd	alaqqädnəmm	anaqqədəmm	annaqqəd
	aqqädaččəhu	taqqədallaččəhu	aqqədaččəhu	aqqədaččhwall	aqqəd	alaqqädaččəhumm	ataqqədumm	attaqqədu
	aqqädu	yaqqədallu	aqqədäw	aqqədäwall	yaqqəd	alaqqädumm	ayaqqədumm	ayaqqədu
አበረ - unite	ማበር							
	አበርኩ	አብራለሁ	አብሬ	አብሬያለሁ	ላበር	አላበርኩም	አላብርም	አላበር
	አበርክ	ታብራለህ	አብረህ	አብረሃል	አበር	አላበርክም	አታብርም	አታበር
	አበርሽ	ታብሪያለሽ	አብረሽ	አብረሻል	አበሪ	አላበርሽም	አታብሪም	አታበሪ
	አበረ	ያብራል	አብሮ	አብሯል	ያበር	አላበረም	አያብርም	አያበር
	አበረች	ታብራለች	አብራ	አብራለች	ታበር	አላበረችም	አታብርም	አታበር
	አበርን	እናብራለን	አብረን	አብረናል	እናበር	አላበርንም	አናብርም	አናበር
	አበራችሁ	ታብራላችሁ	አብራችሁ	አብራችኋል	አበሩ	አላበራችሁም	አታብሩም	አታበሩ
	አበሩ	ያብራሉ	አብረው	አብረዋል	ያበሩ	አላበሩም	አያብሩም	አያበሩ
	mabbär							
	abbärku	abbərallähu	abbərre	abbərreyallähu	labbər	alabbärkumm	alabbərəmm	alabbər
	abbärk	tabbəralläh	abbəräh	abbərähall	abbər	alabbärkəmm	atabbərəmm	attabbər
	abbärš	tabbəriyalläš	abbəräš	abbəräšall	abbəri	alabbäršəmm	atabbərimm	attabbəri
	abbärä	yabbərall	abbəro	abbərwall	yabbər	alabbärämm	ayabbərəmm	ayabbər
	abbäräčč	tabbəralläčč	abbəra	abbəralläčč	tabbər	alabbäräččəmm	atabbərəmm	attabbər
	abbärn	ənnabbərallän	abbərän	abbəränall	ənnabbər	alabbärnəmm	anabbərəmm	annabbər
	abbäraččəhu	tabbərallaččəhu	abbəraččəhu	abbəraččhwall	abbər	alabbäraččəhumm	atabbərumm	attabbəru
	abbäru	yabbərallu	abbəräw	abbəräwall	yabbər	alabbärumm	ayabbərumm	ayabbəru
አተመ - print	ማተም							
	አተምኩ	አትማለሁ	አትሜ	አትሜያለሁ	ላተም	አላተምኩም	አላትምም	አላተም
	አተምክ	ታትማለህ	አትመህ	አትመሃል	አተም	አላተምክም	አታትምም	አታተም
	አተምሽ	ታትሚያለሽ	አትመሽ	አትመሻል	አተሚ	አላተምሽም	አታትሚም	አታተሚ
	አተመ	ያትማል	አትሞ	አትሟል	ያተም	አላተመም	አያትምም	አያተም
	አተመች	ታትማለች	አትማ	አትማለች	ታተም	አላተመችም	አታትምም	አታተም
	አተምን	እናትማለን	አትመን	አትመናል	እናተም	አላተምንም	አናትምም	አናተም
	አተማችሁ	ታትማላችሁ	አትማችሁ	አትማችኋል	አተሙ	አላተማችሁም	አታትሙም	አታተሙ
	አተሙ	ያትማሉ	አትመው	አትመዋል	ያተሙ	አላተሙም	አያትሙም	አያተሙ
	mattäm							
	attämku	attəmallähu	attəmme	attəmmeyallähu	lattəm	alattämkumm	alattəməmm	alattəm
	attämk	tattəmalläh	attəmäh	attəmähall	attəm	alattämkəmm	atattəməmm	attattəm
	attämš	tattəmiyalläš	attəmäš	attəmäšall	attəmi	alattämšəmm	atattəmimm	attattəmi
	attämä	yattəmall	attəmo	attəmwall	yattəm	alattämämm	ayattəməmm	ayattəm
	attämäčč	tattəmalläčč	attəma	attəmalläčč	tattəm	alattämäččəmm	atattəməmm	attattəm
	attämn	ənnattəmallän	attəmän	attəmänall	ənnattəm	alattämnəmm	anattəməmm	annattəm
	attämaččəhu	tattəmallaččəhu	attəmaččəhu	attəmaččhwall	attəm	alattämaččəhumm	atattəmumm	attattəmu
	attämu	yattəmallu	attəmäw	attəmäwall	yattəm	alattämumm	ayattəmumm	ayattəmu
አኘከ - chew	ማኘክ							
	አኘክሁ	አኝካለሁ	አኝኬ	አኝኬያለሁ	ላኘክ	አላኘክሁም	አላኝክም	አላኘክ
	አኘክህ	ታኝካለህ	አኝከህ	አኝከሃል	አኘክ	አላኘክህም	አታኝክም	አታኘክ
	አኘክሽ	ታኝኪያለሽ	አኝከሽ	አኝከሻል	አኘኪ	አላኘክሽም	አታኝኪም	አታኘኪ
	አኘከ	ያኝካል	አኝኮ	አኝኳል	ያኘክ	አላኘከም	አያኝክም	አያኘክ
	አኘከች	ታኝካለች	አኝካ	አኝካለች	ታኘክ	አላኘከችም	አታኝክም	አታኘክ
	አኘክን	እናኝካለን	አኝከን	አኝከናል	እናኘክ	አላኘክንም	አናኝክም	አናኘክ
	አኘካችሁ	ታኝካላችሁ	አኝካችሁ	አኝካችኋል	አኘኩ	አላኘካችሁም	አታኝኩም	አታኘኩ
	አኘኩ	ያኝካሉ	አኝከው	አኝከዋል	ያኘኩ	አላኘኩም	አያኝኩም	አያኘኩ
	maññäk							
	aññäkhu	aññəkallähu	aññəkke	aññəkkeyallähu	laññək	alaññäkhumm	alaññəkəmm	alaññək
	aññäkh	taññəkalläh	aññəkäh	aññəkähall	aññək	alaññäkhəmm	ataññəkəmm	attaññək
	aññäkš	taññəkiyalläš	aññəkäš	aññəkäšall	aññəki	alaññäkšəmm	ataññəkimm	attaññəki
	aññäkä	yaññəkall	aññəko	aññəkwall	yaññək	alaññäkämm	ayaññəkəmm	ayaññək
	aññäkäčč	taññəkalläčč	aññəka	aññəkalläčč	taññək	alaññäkäččəmm	ataññəkəmm	attaññək
	aññäkn	ənnaññəkallän	aññəkän	aññəkänall	ənnaññək	alaññäknəmm	anaññəkəmm	annaññək
	aññäkaččəhu	taññəkallaččəhu	aññəkaččəhu	aññəkaččhwall	aññək	alaññäkaččəhumm	ataññəkumm	attaññəku
	aññäku	yaññəkallu	aññəkäw	aññəkäwall	yaññək	alaññäkumm	ayaññəkumm	ayaññəku
አከመ - treat (med.)	ማከም							
	አከምኩ	አክማለሁ	አክሜ	አክሜያለሁ	ላከም	አላከምኩም	አላክምም	አላከም
	አከምክ	ታክማለህ	አክመህ	አክመሃል	አከም	አላከምክም	አታክምም	አታከም
	አከምሽ	ታክሚያለሽ	አክመሽ	አክመሻል	አከሚ	አላከምሽም	አታክሚም	አታከሚ
	አከመ	ያክማል	አክሞ	አክሟል	ያከም	አላከመም	አያክምም	አያከም
	አከመች	ታክማለች	አክማ	አክማለች	ታከም	አላከመችም	አታክምም	አታከም
	አከምን	እናክማለን	አክመን	አክመናል	እናከም	አላከምንም	አናክምም	አናከም
	አከማችሁ	ታክማላችሁ	አክማችሁ	አክማችኋል	አከሙ	አላከማችሁም	አታክሙም	አታከሙ
	አከሙ	ያክማሉ	አክመው	አክመዋል	ያከሙ	አላከሙም	አያክሙም	አያከሙ
	makkäm							
	akkämku	akkəmallähu	akkəmme	akkəmmeyallähu	lakkəm	alakkämkumm	alakkəməmm	alakkəm
	akkämk	takkəmalläh	akkəmäh	akkəmähall	akkəm	alakkämkəmm	atakkəməmm	attakkəm
	akkämš	takkəmiyalläš	akkəmäš	akkəmäšall	akkəmi	alakkämšəmm	atakkəmimm	attakkəmi
	akkämä	yakkəmall	akkəmo	akkəmwall	yakkəm	alakkämämm	ayakkəməmm	ayakkəm
	akkämäčč	takkəmalläčč	akkəma	akkəmalläčč	takkəm	alakkämäččəmm	atakkəməmm	attakkəm
	akkämn	ənnakkəmallän	akkəmän	akkəmänall	ənnakkəm	alakkämnəmm	anakkəməmm	annakkəm
	akkämaččəhu	takkəmallaččəhu	akkəmaččəhu	akkəmaččhwall	akkəm	alakkämaččəhumm	atakkəmumm	attakkəmu
	akkämu	yakkəmallu	akkəmäw	akkəmäwall	yakkəm	alakkämumm	ayakkəmumm	ayakkəmu
አወጀ - proclaim	ማወጅ							
	አወጅኩ	አውጃለሁ	አውጄ	አውጄያለሁ	ላወጅ	አላወጅኩም	አላውጅም	አላወጅ
	አወጅክ	ታውጃለህ	አውጀህ	አውጀሃል	አወጅ	አላወጅክም	አታውጅም	አታወጅ
	አወጅሽ	ታውጂያለሽ	አውጀሽ	አውጀሻል	አወጂ	አላወጅሽም	አታውጂም	አታወጂ
	አወጀ	ያውጃል	አውጆ	አውጇል	ያወጅ	አላወጀም	አያውጅም	አያወጅ
	አወጀች	ታውጃለች	አውጃ	አውጃለች	ታወጅ	አላወጀችም	አታውጅም	አታወጅ
	አወጅን	እናውጃለን	አውጀን	አውጀናል	እናወጅ	አላወጅንም	አናውጅም	አናወጅ
	አወጃችሁ	ታውጃላችሁ	አውጃችሁ	አውጃችኋል	አወጁ	አላወጃችሁም	አታውጁም	አታወጁ
	አወጁ	ያውጃሉ	አውጀው	አውጀዋል	ያወጁ	አላወጁም	አያውጁም	አያወጁ
	mawwäǧ							
	awwäǧku	awwəǧallähu	awwəǧǧe	awwəǧǧeyallähu	lawwəǧ	alawwäǧkumm	alawwəǧəmm	alawwəǧ
	awwäǧk	tawwəǧalläh	awwəǧäh	awwəǧähall	awwəǧ	alawwäǧkəmm	atawwəǧəmm	attawwəǧ
	awwäǧš	tawwəǧiyalläš	awwəǧäš	awwəǧäšall	awwəǧi	alawwäǧšəmm	atawwəǧimm	attawwəǧi
	awwäǧä	yawwəǧall	awwəǧo	awwəǧwall	yawwəǧ	alawwäǧämm	ayawwəǧəmm	ayawwəǧ
	awwäǧäčč	tawwəǧalläčč	awwəǧa	awwəǧalläčč	tawwəǧ	alawwäǧäččəmm	atawwəǧəmm	attawwəǧ
	awwäǧn	ənnawwəǧallän	awwəǧän	awwəǧänall	ənnawwəǧ	alawwäǧnəmm	anawwəǧəmm	annawwəǧ
	awwäǧaččəhu	tawwəǧallaččəhu	awwəǧaččəhu	awwəǧaččhwall	awwəǧ	alawwäǧaččəhumm	atawwəǧumm	attawwəǧu
	awwäǧu	yawwəǧallu	awwəǧäw	awwəǧäwall	yawwəǧ	alawwäǧumm	ayawwəǧumm	ayawwəǧu
አደለ - distribute	ማደል							
	አደልኩ	አድላለሁ	አድዬ	አድዬያለሁ	ላደል	አላደልኩም	አላድልም	አላደል
	አደልክ	ታድላለህ	አድለህ	አድለሃል	አደል	አላደልክም	አታድልም	አታደል
	አደልሽ	ታድያለሽ	አድለሽ	አድለሻል	አደይ	አላደልሽም	አታድዪም	አታደይ
	አደለ	ያድላል	አድሎ	አድሏል	ያደል	አላደለም	አያድልም	አያደል
	አደለች	ታድላለች	አድላ	አድላለች	ታደል	አላደለችም	አታድልም	አታደል
	አደልን	እናድላለን	አድለን	አድለናል	እናደል	አላደልንም	አናድልም	አናደል
	አደላችሁ	ታድላላችሁ	አድላችሁ	አድላችኋል	አደሉ	አላደላችሁም	አታድሉም	አታደሉ
	አደሉ	ያድላሉ	አድለው	አድለዋል	ያደሉ	አላደሉም	አያድሉም	አያደሉ
	maddäl							
	addälku	addəlallähu	addəyye	addəyyeyallähu	laddəl	aladdälkumm	aladdələmm	aladdəl
	addälk	taddəlalläh	addəläh	addəlähall	addəl	aladdälkəmm	ataddələmm	attaddəl
	addälš	taddəyalläš	addəläš	addəläšall	addəyi	aladdälšəmm	ataddəyimm	attaddəyi
	addälä	yaddəlall	addəlo	addəlwall	yaddəl	aladdälämm	ayaddələmm	ayaddəl
	addäläčč	taddəlalläčč	addəla	addəlalläčč	taddəl	aladdäläččəmm	ataddələmm	attaddəl
	addäln	ənnaddəlallän	addəlän	addəlänall	ənnaddəl	aladdälnəmm	anaddələmm	annaddəl
	addälaččəhu	taddəlallaččəhu	addəlaččəhu	addəlaččhwall	addəl	aladdälaččəhumm	ataddəlumm	attaddəlu
	addälu	yaddəlallu	addəläw	addəläwall	yaddəl	aladdälumm	ayaddəlumm	ayaddəlu
አየደ - define, determine	ማየድ							
	አየድኩ	አይዳለሁ	አይጄ	አይጄያለሁ	ላየድ	አላየድኩም	አላይድም	አላየድ
	አየድክ	ታይዳለህ	አይደህ	አይደሃል	አየድ	አላየድክም	አታይድም	አታየድ
	አየድሽ	ታይጂያለሽ	አይደሽ	አይደሻል	አየጅ	አላየድሽም	አታይጂም	አታየጅ
	አየደ	ያይዳል	አይዶ	አይዷል	ያየድ	አላየደም	አያይድም	አያየድ
	አየደች	ታይዳለች	አይዳ	አይዳለች	ታየድ	አላየደችም	አታይድም	አታየድ
	አየድን	እናይዳለን	አይደን	አይደናል	እናየድ	አላየድንም	አናይድም	አናየድ
	አየዳችሁ	ታይዳላችሁ	አይዳችሁ	አይዳችኋል	አየዱ	አላየዳችሁም	አታይዱም	አታየዱ
	አየዱ	ያይዳሉ	አይደው	አይደዋል	ያየዱ	አላየዱም	አያይዱም	አያየዱ
	mayyäd							
	ayyädku	ayyədallähu	ayyəǧǧe	ayyəǧǧeyallähu	layyəd	alayyädkumm	alayyədəmm	alayyəd
	ayyädk	tayyədalläh	ayyədäh	ayyədähall	ayyəd	alayyädkəmm	atayyədəmm	attayyəd
	ayyädš	tayyəǧiyalläš	ayyədäš	ayyədäšall	ayyəǧi	alayyädšəmm	atayyəǧimm	attayyəǧi
	ayyädä	yayyədall	ayyədo	ayyədwall	yayyəd	alayyädämm	ayayyədəmm	ayayyəd
	ayyädäčč	tayyədalläčč	ayyəda	ayyədalläčč	tayyəd	alayyädäččəmm	atayyədəmm	attayyəd
	ayyädn	ənnayyədallän	ayyədän	ayyədänall	ənnayyəd	alayyädnəmm	anayyədəmm	annayyəd
	ayyädaččəhu	tayyədallaččəhu	ayyədaččəhu	ayyədaččhwall	ayyəd	alayyädaččəhumm	atayyədumm	attayyədu
	ayyädu	yayyədallu	ayyədäw	ayyədäwall	yayyəd	alayyädumm	ayayyədumm	ayayyədu
አደሰ - renew	ማደስ							
	አደስኩ	አድሳለሁ	አድሼ	አድሼያለሁ	ላደስ	አላደስኩም	አላድስም	አላደስ
	አደስክ	ታድሳለህ	አድሰህ	አድሰሃል	አደስ	አላደስክም	አታድስም	አታደስ
	አደስሽ	ታድሺያለሽ	አድሰሽ	አድሰሻል	አደሽ	አላደስሽም	አታድሺም	አታደሽ
	አደሰ	ያድሳል	አድሶ	አድሷል	ያደስ	አላደሰም	አያድስም	አያደስ
	አደሰች	ታድሳለች	አድሳ	አድሳለች	ታደስ	አላደሰችም	አታድስም	አታደስ
	አደስን	እናድሳለን	አድሰን	አድሰናል	እናደስ	አላደስንም	አናድስም	አናደስ
	አደሳችሁ	ታድሳላችሁ	አድሳችሁ	አድሳችኋል	አደሱ	አላደሳችሁም	አታድሱም	አታደሱ
	አደሱ	ያድሳሉ	አድሰው	አድሰዋል	ያደሱ	አላደሱም	አያድሱም	አያደሱ
	maddäs							
	addäsku	addəsallähu	addəšše	addəššeyallähu	laddəs	aladdäskumm	aladdəsəmm	aladdəs
	addäsk	taddəsalläh	addəsäh	addəsähall	addəs	aladdäskəmm	ataddəsəmm	attaddəs
	addäsš	taddəšiyalläš	addəsäš	addəsäšall	addəši	aladdäsšəmm	ataddəšimm	attaddəši
	addäsä	yaddəsall	addəso	addəswall	yaddəs	aladdäsämm	ayaddəsəmm	ayaddəs
	addäsäčč	taddəsalläčč	addəsa	addəsalläčč	taddəs	aladdäsäččəmm	ataddəsəmm	attaddəs
	addäsn	ənnaddəsallän	addəsän	addəsänall	ənnaddəs	aladdäsnəmm	anaddəsəmm	annaddəs
	addäsaččəhu	taddəsallaččəhu	addəsaččəhu	addəsaččhwall	addəs	aladdäsaččəhumm	ataddəsumm	attaddəsu
	addäsu	yaddəsallu	addəsäw	addəsäwall	yaddəs	aladdäsumm	ayaddəsumm	ayaddəsu
አደመ - plot, conspire	ማደም							
	አደምኩ	አድማለሁ	አድሜ	አድሜያለሁ	ላደም	አላደምኩም	አላድምም	አላደም
	አደምክ	ታድማለህ	አድመህ	አድመሃል	አደም	አላደምክም	አታድምም	አታደም
	አደምሽ	ታድሚያለሽ	አድመሽ	አድመሻል	አደሚ	አላደምሽም	አታድሚም	አታደሚ
	አደመ	ያድማል	አድሞ	አድሟል	ያደም	አላደመም	አያድምም	አያደም
	አደመች	ታድማለች	አድማ	አድማለች	ታደም	አላደመችም	አታድምም	አታደም
	አደምን	እናድማለን	አድመን	አድመናል	እናደም	አላደምንም	አናድምም	አናደም
	አደማችሁ	ታድማላችሁ	አድማችሁ	አድማችኋል	አደሙ	አላደማችሁም	አታድሙም	አታደሙ
	አደሙ	ያድማሉ	አድመው	አድመዋል	ያደሙ	አላደሙም	አያድሙም	አያደሙ
	maddäm							
	addämku	addəmallähu	addəmme	addəmmeyallähu	laddəm	aladdämkumm	aladdəməmm	aladdəm
	addämk	taddəmalläh	addəmäh	addəmähall	addəm	aladdämkəmm	ataddəməmm	attaddəm
	addämš	taddəmiyalläš	addəmäš	addəmäšall	addəmi	aladdämšəmm	ataddəmimm	attaddəmi
	addämä	yaddəmall	addəmo	addəmwall	yaddəm	aladdämämm	ayaddəməmm	ayaddəm
	addämäčč	taddəmalläčč	addəma	addəmalläčč	taddəm	aladdämäččəmm	ataddəməmm	attaddəm
	addämn	ənnaddəmallän	addəmän	addəmänall	ənnaddəm	aladdämnəmm	anaddəməmm	annaddəm
	addämaččəhu	taddəmallaččəhu	addəmaččəhu	addəmaččhwall	addəm	aladdämaččəhumm	ataddəmumm	attaddəmu
	addämu	yaddəmallu	addəmäw	addəmäwall	yaddəm	aladdämumm	ayaddəmumm	ayaddəmu
አገደ - ban	ማገድ							
	አገድኩ	አግዳለሁ	አግጄ	አግጄያለሁ	ላገድ	አላገድኩም	አላግድም	አላገድ
	አገድክ	ታግዳለህ	አግደህ	አግደሃል	አገድ	አላገድክም	አታግድም	አታገድ
	አገድሽ	ታግጂያለሽ	አግደሽ	አግደሻል	አገጅ	አላገድሽም	አታግጂም	አታገጅ
	አገደ	ያግዳል	አግዶ	አግዷል	ያገድ	አላገደም	አያግድም	አያገድ
	አገደች	ታግዳለች	አግዳ	አግዳለች	ታገድ	አላገደችም	አታግድም	አታገድ
	አገድን	እናግዳለን	አግደን	አግደናል	እናገድ	አላገድንም	አናግድም	አናገድ
	አገዳችሁ	ታግዳላችሁ	አግዳችሁ	አግዳችኋል	አገዱ	አላገዳችሁም	አታግዱም	አታገዱ
	አገዱ	ያግዳሉ	አግደው	አግደዋል	ያገዱ	አላገዱም	አያግዱም	አያገዱ
	maggäd							
	aggädku	aggədallähu	aggədde	aggəddeyallähu	laggəd	alaggädkumm	alaggədəmm	alaggəd
	aggädk	taggədalläh	aggədäh	aggədähall	aggəd	alaggädkəmm	ataggədəmm	attaggəd
	aggädš	taggədiyalläš	aggədäš	aggədäšall	aggədi	alaggädšəmm	ataggədimm	attaggədi
	aggädä	yaggədall	aggədo	aggədwall	yaggəd	alaggädämm	ayaggədəmm	ayaggəd
	aggädäčč	taggədalläčč	aggəda	aggədalläčč	taggəd	alaggädäččəmm	ataggədəmm	attaggəd
	aggädn	ənnaggədallän	aggədän	aggədänall	ənnaggəd	alaggädnəmm	anaggədəmm	annaggəd
	aggädaččəhu	taggədallaččəhu	aggədaččəhu	aggədaččhwall	aggəd	alaggädaččəhumm	ataggədumm	attaggədu
	aggädu	yaggədallu	aggədäw	aggədäwall	yaggəd	alaggädumm	ayaggədumm	ayaggədu
አደነ - hunt	ማደን							
	አደንኩ	አድናለሁ	አድኜ	አድኜያለሁ	ላደን	አላደንኩም	አላድንም	አላደን
	አደንክ	ታድናለህ	አድነህ	አድነሃል	አደን	አላደንክም	አታድንም	አታደን
	አደንሽ	ታድኚያለሽ	አድነሽ	አድነሻል	አደኝ	አላደንሽም	አታድኚም	አታደኝ
	አደነ	ያድናል	አድኖ	አድኗል	ያደን	አላደነም	አያድንም	አያደን
	አደነች	ታድናለች	አድና	አድናለች	ታደን	አላደነችም	አታድንም	አታደን
	አደንን	እናድናለን	አድነን	አድነናል	እናደን	አላደንንም	አናድንም	አናደን
	አደናችሁ	ታድናላችሁ	አድናችሁ	አድናችኋል	አደኑ	አላደናችሁም	አታድኑም	አታደኑ
	አደኑ	ያድናሉ	አድነው	አድነዋል	ያደኑ	አላደኑም	አያድኑም	አያደኑ
	maddän							
	addänku	addənallähu	addəññe	addəññeyallähu	laddən	aladdänkumm	aladdənəmm	aladdən
	addänk	taddənalläh	addənäh	addənähall	addən	aladdänkəmm	ataddənəmm	attaddən
	addänš	taddəñiyalläš	addənäš	addənäšall	addəñi	aladdänšəmm	ataddəñimm	attaddəñi
	addänä	yaddənall	addəno	addənwall	yaddən	aladdänämm	ayaddənəmm	ayaddən
	addänäčč	taddənalläčč	addəna	addənalläčč	taddən	aladdänäččəmm	ataddənəmm	attaddən
	addänn	ənnaddənallän	addənän	addənänall	ənnaddən	aladdännəmm	anaddənəmm	annaddən
	addänaččəhu	taddənallaččəhu	addənaččəhu	addənaččhwall	addən	aladdänaččəhumm	ataddənumm	attaddənu
	addänu	yaddənallu	addənäw	addənäwall	yaddən	aladdänumm	ayaddənumm	ayaddənu
አገዘ - support, help	ማገዝ							
	አገዝኩ	አግዛለሁ	አግዤ	አግዤያለሁ	ላገዝ	አላገዝኩም	አላግዝም	አላገዝ
	አገዝክ	ታግዛለህ	አግዘህ	አግዘሃል	አገዝ	አላገዝክም	አታግዝም	አታገዝ
	አገዝሽ	ታግዢያለሽ	አግዘሽ	አግዘሻል	አገዥ	አላገዝሽም	አታግዢም	አታገዥ
	አገዘ	ያግዛል	አግዞ	አግ።ል	ያገዝ	አላገዘም	አያግዝም	አያገዝ
	አገዘች	ታግዛለች	አግዛ	አግዛለች	ታገዝ	አላገዘችም	አታግዝም	አታገዝ
	አገዝን	እናግዛለን	አግዘን	አግዘናል	እናገዝ	አላገዝንም	አናግዝም	አናገዝ
	አገዛችሁ	ታግዛላችሁ	አግዛችሁ	አግዛችኋል	አገዙ	አላገዛችሁም	አታግዙም	አታገዙ
	አገዙ	ያግዛሉ	አግዘው	አግዘዋል	ያገዙ	አላገዙም	አያግዙም	አያገዙ
	maggäz							
	aggäzku	aggəzallähu	aggəžže	aggəžžeyallähu	laggəz	alaggäzkumm	alaggəzəmm	alaggəz
	aggäzk	taggəzalläh	aggəzäh	aggəzähall	aggəz	alaggäzkəmm	ataggəzəmm	attaggəz
	aggäzš	taggəžiyalläš	aggəzäš	aggəzäšall	aggəži	alaggäzšəmm	ataggəžimm	attaggəži
	aggäzä	yaggəzall	aggəzo	aggəzwall	yaggəz	alaggäzämm	ayaggəzəmm	ayaggəz
	aggäzäčč	taggəzalläčč	aggəza	aggəzalläčč	taggəz	alaggäzäččəmm	ataggəzəmm	attaggəz
	aggäzn	ənnaggəzallän	aggəzän	aggəzänall	ənnaggəz	alaggäznəmm	anaggəzəmm	annaggəz
	aggäzaččəhu	taggəzallaččəhu	aggəzaččəhu	aggəzaččhwall	aggəz	alaggäzaččəhumm	ataggəzumm	attaggəzu
	aggäzu	yaggəzallu	aggəzäw	aggəzäwall	yaggəz	alaggäzumm	ayaggəzumm	ayaggəzu
አጀበ - accompany, escort	ማጀብ							
	አጀብኩ	አጅባለሁ	አጅቤ	አጅቤያለሁ	ላጀብ	አላጀብኩም	አላጅብም	አላጀብ
	አጀብክ	ታጅባለህ	አጅበህ	አጅበሃል	አጀብ	አላጀብክም	አታጅብም	አታጀብ
	አጀብሽ	ታጅቢያለሽ	አጅበሽ	አጅበሻል	አጀቢ	አላጀብሽም	አታጅቢም	አታጀቢ
	አጀበ	ያጅባል	አጅቦ	አጅቧል	ያጀብ	አላጀበም	አያጅብም	አያጀብ
	አጀበች	ታጅባለች	አጅባ	አጅባለች	ታጀብ	አላጀበችም	አታጅብም	አታጀብ
	አጀብን	እናጅባለን	አጅበን	አጅበናል	እናጀብ	አላጀብንም	አናጅብም	አናጀብ
	አጀባችሁ	ታጅባላችሁ	አጅባችሁ	አጅባችኋል	አጀቡ	አላጀባችሁም	አታጅቡም	አታጀቡ
	አጀቡ	ያጅባሉ	አጅበው	አጅበዋል	ያጀቡ	አላጀቡም	አያጅቡም	አያጀቡ
	maǧǧäb							
	aǧǧäbku	aǧǧəballähu	aǧǧəbbe	aǧǧəbbeyallähu	laǧǧəb	alaǧǧäbkumm	alaǧǧəbəmm	alaǧǧəb
	aǧǧäbk	taǧǧəballäh	aǧǧəbäh	aǧǧəbähall	aǧǧəb	alaǧǧäbkəmm	ataǧǧəbəmm	attaǧǧəb
	aǧǧäbš	taǧǧəbiyalläš	aǧǧəbäš	aǧǧəbäšall	aǧǧəbi	alaǧǧäbšəmm	ataǧǧəbimm	attaǧǧəbi
	aǧǧäbä	yaǧǧəball	aǧǧəbo	aǧǧəbwall	yaǧǧəb	alaǧǧäbämm	ayaǧǧəbəmm	ayaǧǧəb
	aǧǧäbäčč	taǧǧəballäčč	aǧǧəba	aǧǧəballäčč	taǧǧəb	alaǧǧäbäččəmm	ataǧǧəbəmm	attaǧǧəb
	aǧǧäbn	ənnaǧǧəballän	aǧǧəbän	aǧǧəbänall	ənnaǧǧəb	alaǧǧäbnəmm	anaǧǧəbəmm	annaǧǧəb
	aǧǧäbaččəhu	taǧǧəballaččəhu	aǧǧəbaččəhu	aǧǧəbaččhwall	aǧǧəb	alaǧǧäbaččəhumm	ataǧǧəbumm	attaǧǧəbu
	aǧǧäbu	yaǧǧəballu	aǧǧəbäw	aǧǧəbäwall	yaǧǧəb	alaǧǧäbumm	ayaǧǧəbumm	ayaǧǧəbu